ID	pred_ID	org_class	pred_class
T96060016677	Mix	GO:0008250	GO:0005783,GO:0005794
T96060015785	Mix	GO:0070062	GO:0005615
T101160000621	Mix	GO:0005622	GO:0005794
T96060006949	Mix	GO:0005634	GO:0005737
T72270001887	Mix	GO:0012505	GO:0005737
T72270001017	Mix		GO:0005737
T96060015905	Mix		GO:0005634
T96060010254	Mix	GO:0070062	GO:0001725,GO:0005794,GO:0005815,GO:0005886,GO:0008021,GO:0015629
T37020009175	Mix	GO:0009570,GO:0009579,GO:0009941	GO:0005744
T100900015688	Mix	GO:0005739	GO:0005739
T100900003041	Mix	GO:0005739	GO:0005794
T96060004912	Mix	GO:0005887	GO:0005886,GO:0005794
T96060016958	Mix	GO:0005634	GO:0005677,GO:0005730,GO:0005794
T100900012244	Mix		GO:0000775,GO:0000776,GO:0000779,GO:0000780
T96060004769	Mix	GO:0005634,GO:0005829	GO:0001669,GO:0005794
T100900007510	Mix	GO:0097228	GO:0000922,GO:0005794,GO:0005813,GO:0005829
T100900009761	Mix	GO:0005634	GO:0005634
T96060003430	Mix	GO:0005654,GO:0016020	GO:0005634,GO:0005730
T100900002083	Mix		GO:0005737
T101160007642	Mix	GO:0043195	GO:0005737
T96060012018	Mix	GO:0005615,GO:0005886,GO:0042581,GO:0048471,GO:0070062	GO:0005615
T96060002693	Mix	GO:0000307,GO:0005654,GO:0005663,GO:0005730,GO:0005813,GO:0005829,GO:0043596,GO:0070062,GO:0070557	GO:0000307,GO:0005634,GO:0005654,GO:0005794,GO:0005829
T37020009666	Mix	GO:0005634	GO:0005794
T2848120000411	Mix	GO:0000974,GO:0005681,GO:0005829	GO:0000974,GO:0005634,GO:0005681,GO:0005794
T96060003874	Mix	GO:0070062	GO:0005667
T100900006805	Mix	GO:0030424,GO:0045202	GO:0005794
T96060005000	Mix	GO:0005634	GO:0005634
T96060009424	Mix	GO:0005743	GO:0005739,GO:0005743
T96060017954	Mix	GO:0070062	GO:0008021
T96060003312	Mix	GO:0070062	GO:0005794
T100900006784	Mix	GO:0005886	GO:0005615,GO:0005794
T100900013063	Mix	GO:0000790	GO:0005634
T96060016763	Mix	GO:0005634,GO:0005794	GO:0005634
T100900015948	Mix	GO:0005769,GO:0005884	GO:0005769,GO:0005794
T96060005364	Mix	GO:0070062	GO:0005794,GO:0005886,GO:0005615,GO:0008021
T96060015725	Mix	GO:0005615,GO:0070062	GO:0005576
T96060015054	Mix	GO:0005634,GO:0005737	GO:0005737,GO:0005770,GO:0005794
T96060012499	Mix	GO:0070062	GO:0005634,GO:0005730,GO:0005737
T96060016127	Mix	GO:0005769,GO:0070062	GO:0005769,GO:0005794
T96060004620	Mix	GO:0016020	GO:0005783
T96060010195	Mix	GO:0005730,GO:0005737,GO:0016020,GO:0045111	GO:0005634,GO:0005654,GO:0005739
T96060007497	Mix		GO:0005794
T2848120003021	Mix	GO:0005739	GO:0005739
T100900016038	Mix	GO:0005814,GO:0005930,GO:0036064	GO:0005794
T96060012551	Mix	GO:0070062	GO:0005737
T833330000407	Mix		GO:0005886,GO:0005618
T96060009762	Mix	GO:0005737	GO:0005615
T100900011211	Mix	GO:0005634	GO:0005634
T100900014061	Mix	GO:0005829,GO:0044300,GO:0097060	GO:0005794
T37020004791	Mix		GO:0000790,GO:0005634,GO:0005794
T96060012492	Mix	GO:0070062	GO:0005737,GO:0005794
T96060012924	Mix	GO:0031227	GO:0005794
T96060013064	Mix	GO:0005615,GO:0005887,GO:0043235,GO:0070062	GO:0005794
T5592920000125	Mix	GO:0031304	GO:0005739
T96060004087	Mix	GO:0005794,GO:0005887,GO:0009897,GO:0045334,GO:0048471	GO:0005794,GO:0005886,GO:0005887,GO:0008021,GO:0009897,GO:0016020
T37020009235	Mix	GO:0005618,GO:0005886,GO:0009506,GO:0009507,GO:0022625	GO:0005737,GO:0005794,GO:0005829
T72270000891	Mix	GO:0005737	GO:0005783,GO:0005794,GO:0005886
T100900005064	Mix	GO:0005623	GO:0005794
T2089640000605	Mix		GO:0005794
T100900007146	Mix		GO:0000123
T96060017786	Mix	GO:0072562	GO:0005794,GO:0005886
T2089640000056	Mix		GO:0000324
T96060005479	Mix	GO:0005737,GO:0032587,GO:0043234,GO:0070062	GO:0005794
T96060010604	Mix	GO:0070062	GO:0005886
T96060002333	Mix	GO:0005615	GO:0005794
T96060009765	Mix	GO:0070062	GO:0005886
T100900004651	Mix		GO:0005634
T96060003796	Mix	GO:0070062	GO:0005794
T72270000852	Mix		GO:0000124
T2848120000456	Mix	GO:0005886	GO:0005886,GO:0000775,GO:0005634,GO:0005794,GO:0005816,GO:0005934,GO:0005935
T96060000972	Mix	GO:0016020	GO:0005737,GO:0005794
T96060016653	Mix	GO:0005730,GO:0005737	GO:0005730,GO:0005737
T100900001812	Mix	GO:0005759,GO:0033018	GO:0005739,GO:0005794,GO:0005886
T100900005863	Mix	GO:0005887	GO:0005794
T833330002120	Mix		GO:0005739
T96060016091	Mix	GO:0070062	GO:0008021
T37020003499	Mix		GO:0005634
T96060002686	Mix	GO:0016020	GO:0005783,GO:0005791
T100900008792	Mix	GO:0005737	GO:0005634,GO:0005794
T96060003853	Mix	GO:0070062	GO:0005615,GO:0005791
T96060003772	Mix	GO:0070062	GO:0005634,GO:0005730
T96060013113	Mix	GO:0031513,GO:0034704	GO:0016020
T72270002813	Mix	GO:0005739	GO:0005794
T100900009214	Mix	GO:0005911	GO:0005886,GO:0001725,GO:0005737,GO:0005794,GO:0005829,GO:0008021
T833330002870	Mix	GO:0009380	GO:0005886
T96060012440	Mix	GO:0005634,GO:0005783	GO:0005783
T96060003605	Mix	GO:0070062	GO:0000502,GO:0005634,GO:0005737
T96060012613	Mix		GO:0005667
T96060003553	Mix	GO:0005739	GO:0005739
T100900005810	Mix	GO:0005886,GO:0009986,GO:0045121	GO:0005886
T96060006416	Mix	GO:0005615,GO:0070062	GO:0005737
T100900006908	Mix		GO:0005794,GO:0005886
T96060010900	Mix	GO:0070062	GO:0005790,GO:0005794,GO:0005886
T96060005480	Mix	GO:0005737,GO:0032587,GO:0043234,GO:0070062	GO:0005886,GO:0005737
T96060014049	Mix		GO:0005794,GO:0005886,GO:0008021,GO:0016020
T96060000761	Mix	GO:0000812	GO:0005634
T96060003298	Mix	GO:0070062	GO:0005794
T2089640000512	Mix		GO:0005794
T96060013852	Mix	GO:0005634,GO:0005769,GO:0036064,GO:0070062	GO:0005634,GO:0005737,GO:0005768,GO:0005769,GO:0005794
T96060018539	Mix	GO:0005634	GO:0005634,GO:0005730,GO:0005737,GO:0005794,GO:0005829,GO:0005886
T101160006432	Mix		GO:0005739
T79550001080	Mix		GO:0005615,GO:0005794
T100900011324	Mix	GO:0005737,GO:0046658	GO:0005886,GO:0005576
T100900004545	Mix		GO:0005654
T833330002831	Mix	GO:0030288	GO:0005794
T96060002650	Mix	GO:0005634,GO:0005694,GO:0005737	GO:0005634,GO:0005730,GO:0005737
T96060001689	Mix	GO:0070062	GO:0005615,GO:0005794
T96060006840	Mix	GO:0005615,GO:0005643,GO:0005737,GO:0005886	GO:0005654,GO:0005794
T833330000704	Mix		GO:0005794
T2848120001540	Mix	GO:0005737	GO:0005737
T96060007050	Mix	GO:0070062	GO:0005794
T96060007361	Mix	GO:0070062	GO:0000786,GO:0005634,GO:0005694,GO:0005700,GO:0005704,GO:0005794
T2848120003765	Mix	GO:0005783,GO:0005794	GO:0005794
T96060008299	Mix	GO:0016020	GO:0005794
T100900013943	Mix	GO:0005887	GO:0005737,GO:0005794,GO:0005856,GO:0005886,GO:0005887
T2089640000746	Mix		GO:0000136
T2089640000123	Mix		GO:0005794
T101160000010	Mix		GO:0000159,GO:0005794
T37020003120	Mix	GO:0005634	GO:0005634
T96060008627	Mix	GO:0045095,GO:0070062	GO:0005794,GO:0005882
T100900001388	Mix	GO:0005634	GO:0005634
T100900012358	Mix	GO:0000790	GO:0005654,GO:0005666,GO:0005794
T2089640000771	Mix	GO:0019867	GO:0016020
T37020005846	Mix	GO:0005783,GO:0005794,GO:0005886	GO:0005794
T96060005875	Mix	GO:0070062	GO:0016020,GO:0000151,GO:0005737,GO:0005794
T96060003936	Mix	GO:0070062	GO:0005794
T100900005219	Mix	GO:0005634	GO:0005634
T96060007380	Mix	GO:0005615,GO:0005654,GO:0070062	GO:0000790
T96060014011	Mix	GO:0030139,GO:0070062	GO:0005622
T96060008473	Mix	GO:0005886,GO:0016021	GO:0005886,GO:0005794
T37020001364	Mix	GO:0005829	GO:0005622,GO:0005667
T2089640001060	Mix		GO:0005739
T2089640000165	Mix		GO:0005794
T100900011087	Mix	GO:0005739	GO:0005739
T96060016310	Mix	GO:0005634	GO:0005634
T96060006038	Mix	GO:0005730	GO:0005634,GO:0005794
T2089640000240	Mix		GO:0005739,GO:0005777,GO:0005783
T2089640000781	Mix		GO:0005886,GO:0005618
T96060007608	Mix	GO:0000139,GO:0005886,GO:0012507,GO:0030670,GO:0031901,GO:0071556	GO:0005886,GO:0000139,GO:0005794,GO:0008021,GO:0012507,GO:0016020
T37020006997	Mix	GO:0045254	GO:0005759
T96060000417	Mix	GO:0070062	GO:0005739
T100900016388	Mix		GO:0005634,GO:0005794
T100900012321	Mix	GO:0005634	GO:0005654
T96060007320	Mix	GO:0070062	GO:0005886,GO:0005576,GO:0005794
T96060014685	Mix	GO:0005737	GO:0005739
T96060002101	Mix	GO:0005794,GO:0005829,GO:0005886,GO:0005925,GO:0030864,GO:0031143,GO:0045121,GO:0070062,GO:0097038	GO:0000785,GO:0005634,GO:0005737
T100900013492	Mix	GO:0005768	GO:0005886,GO:0001411,GO:0005794
T5592920005619	Mix	GO:0005829	GO:0005656,GO:0005664,GO:0005794
T100900002662	Mix	GO:0005886	GO:0005783
T96060011463	Mix	GO:0005730,GO:0016020	GO:0005634,GO:0005730
T96060016867	Mix	GO:0070062	GO:0005794,GO:0005886,GO:0005887
T96060010743	Mix	GO:0005615	GO:0005739
T100900012493	Mix	GO:0005739	GO:0005739
T96060014415	Mix	GO:0005615,GO:0005737,GO:0005886	GO:0005737
T37020006721	Mix		GO:0005622
T96060005159	Mix	GO:0070062	GO:0005739,GO:0005743
T96060018976	Mix	GO:0030991	GO:0005794
T2089640000347	Mix		GO:0005643,GO:0005794
T2848120001136	Mix	GO:0005634,GO:0005829,GO:0032153	GO:0005634,GO:0005794,GO:0005829
T100900016094	Mix	GO:0005576	GO:0005794
T96060009316	Mix	GO:0016020	GO:0005794,GO:0005829,GO:0005886
T96060007829	Mix	GO:0005667,GO:0005886,GO:0070062,GO:0072562	GO:0005886,GO:0005576
T2089640001125	Mix		GO:0005634,GO:0005737
T5592920004245	Mix	GO:0005739	GO:0005739,GO:0005753
T100900003272	Mix		GO:0005615
T96060008980	Mix	GO:0005615	GO:0005794,GO:0005886,GO:0008021,GO:0014069
T96060003528	Mix	GO:0005886,GO:0044216,GO:0070062,GO:0072562	GO:0005886,GO:0005576
T96060014308	Mix	GO:0005737	GO:0005576
T72270002991	Mix		GO:0005794,GO:0005886,GO:0005634,GO:0016020,GO:0048471,GO:0043204,GO:0043005,GO:0033267,GO:0032839,GO:0030672,GO:0030425,GO:0008021,GO:0005739,GO:0005938,GO:0005925
T96060002170	Mix	GO:0043202,GO:0070062	GO:0005764,GO:0005794
T96060012888	Mix	GO:0016020	GO:0005634,GO:0005654,GO:0005730
T96060000398	Mix		GO:0005737
T833330003088	Mix		GO:0005615
T96060004834	Mix	GO:0000139,GO:0005765,GO:0009986,GO:0012507,GO:0030669,GO:0032588,GO:0042613,GO:0071556	GO:0005886,GO:0000139,GO:0005765,GO:0005794,GO:0008021,GO:0012507,GO:0016020,GO:0030658,GO:0030666
T96060002181	Mix	GO:0016020	GO:0005615
T96060014035	Mix	GO:0048471,GO:0070062	GO:0005794
T96060004288	Mix	GO:0005615	GO:0005794
T100900006285	Mix	GO:0005622	GO:0005794
T2089640000683	Mix		GO:0005794
T96060016685	Mix	GO:0005886,GO:0031201,GO:0043005	GO:0005886,GO:0043005,GO:0005794
T96060014736	Mix	GO:0005737	GO:0005794
T96060012414	Mix	GO:0005887,GO:0016324,GO:0043235	GO:0005886,GO:0005622
T101160000055	Mix	GO:0005794,GO:0031982	GO:0016020
T2848120003609	Mix	GO:0005829	GO:0005737,GO:0005794
T96060004017	Mix	GO:0070062	GO:0005576,GO:0005794,GO:0005886
T96060016272	Mix	GO:0070062	GO:0005615
T96060010107	Mix	GO:0005634,GO:0010369,GO:0070062	GO:0005634,GO:0005654,GO:0005730,GO:0005737,GO:0005794,GO:0005886,GO:0008021,GO:0016020
T96060015646	Mix	GO:0070062	GO:0005794,GO:0005886
T96060019141	Mix	GO:0070062	GO:0005634,GO:0005667
T5592920004152	Mix	GO:0005739	GO:0005794,GO:0005829
T96060004823	Mix	GO:0070062	GO:0005886
T96060011452	Mix	GO:0005730,GO:0005739	GO:0000794,GO:0005730
T96060013289	Mix	GO:0070062	GO:0005794
T100900001878	Mix		GO:0005615
T100900004874	Mix	GO:0005829	GO:0005737,GO:0005739,GO:0005794,GO:0005829,GO:0005886
T96060004808	Mix	GO:0005925,GO:0008180,GO:0030424,GO:0030426,GO:0045178	GO:0043005,GO:0005794,GO:0005886,GO:0008021,GO:0008180
T96060017245	Mix	GO:0005634	GO:0005794
T96060009537	Mix	GO:0005615,GO:0005793,GO:0005794,GO:0005887,GO:0009986,GO:0070062	GO:0005793
T96060007340	Mix	GO:0005720,GO:0070062	GO:0000790
T96060002827	Mix	GO:0005813	GO:0005794
T5592920004732	Mix	GO:0005730	GO:0005730
T101160005153	Mix	GO:0043209	GO:0005737,GO:0005794
T5592920003132	Mix	GO:0000932,GO:0005739	GO:0005737,GO:0005739
T96060016235	Mix	GO:0005730	GO:0005794,GO:0005886,GO:0005912,GO:0005915
T2848120005046	Mix	GO:0005634,GO:0005829	GO:0005634,GO:0005794
T37020009039	Mix	GO:0005634	GO:0005737,GO:0005794,GO:0005886
T96060008901	Mix	GO:0005783,GO:0005794	GO:0005783
T96060003900	Mix	GO:0005768,GO:0005829,GO:0070062	GO:0005768,GO:0005794
T96060001307	Mix	GO:0072686	GO:0005737
T96060004661	Mix	GO:0005886	GO:0005622,GO:0005794,GO:0005886
T100900016068	Mix		GO:0005886
T37020002543	Mix	GO:0005886	GO:0005794
T96060015723	Mix	GO:0005615	GO:0005615
T96060006713	Mix	GO:0016020	GO:0005789
T5592920006221	Mix	GO:0005628	GO:0005737,GO:0005794
T96060008510	Mix	GO:0016020	GO:0000794,GO:0005634,GO:0005794,GO:0005886
T5592920001097	Mix	GO:0000932,GO:0005634	GO:0000932,GO:0005737
T96060000812	Mix	GO:0016020	GO:0005634,GO:0005654,GO:0005675,GO:0005794
T96060009698	Mix	GO:0005615	GO:0005794
T37020007490	Mix	GO:0005794,GO:0005802	GO:0005783
T2848120004735	Mix	GO:0005829	GO:0005794
T101160006511	Mix	GO:0043195	GO:0005886,GO:0005634,GO:0005730,GO:0005737,GO:0005794
T96060015826	Mix	GO:0005615	GO:0005794,GO:0005886,GO:0008021,GO:0014069
T2848120002466	Mix	GO:0005634,GO:0005737	GO:0005634,GO:0005737
T96060006811	Mix	GO:0070062	GO:0005634
T96060011503	Mix	GO:0070062	GO:0005634
T96060004658	Mix	GO:0005634,GO:0005737,GO:0016020,GO:0070062	GO:0005794
T96060015346	Mix	GO:0070062	GO:0005576,GO:0005794
T96060000369	Mix	GO:0005634	GO:0005634,GO:0005794
T96060018205	Mix	GO:0005886,GO:0005925,GO:0031982	GO:0005886,GO:0005794
T100900013032	Mix	GO:0009986,GO:0045177,GO:0045178	GO:0005615,GO:0005794
T5592920001317	Mix	GO:0005759	GO:0005739
T96060010890	Mix	GO:0070062	GO:0005634
T96060004733	Mix	GO:0005615,GO:0005794,GO:0070062	GO:0005615
T72270001878	Mix	GO:0012505	GO:0005576
T100900008116	Mix	GO:0044300	GO:0016020
T2848120003876	Mix	GO:0005829	GO:0005737,GO:0005794
T72270000424	Mix		GO:0005794
T96060009311	Mix	GO:0005634	GO:0005634,GO:0005737,GO:0005794
T96060000744	Mix	GO:0070062	GO:0005576,GO:0005615
T96060012852	Mix	GO:0070062	GO:0005886,GO:0005737
T96060009653	Mix	GO:0016020	GO:0005794
T96060007875	Mix	GO:0005634	GO:0005634,GO:0005730
T100900002718	Mix	GO:0005881,GO:0035371	GO:0005794
T79550001409	Mix		GO:0005739,GO:0005794
T96060016697	Mix	GO:0005634,GO:0005737,GO:0045111,GO:0070062	GO:0005634,GO:0005730,GO:0005737,GO:0005794
T96060005443	Mix	GO:0005654,GO:0005829	GO:0005634
T96060012870	Mix	GO:0070062	GO:0005768
T100900014473	Mix		GO:0005794
T100900013581	Mix		GO:0005886,GO:0005634,GO:0005768,GO:0005794,GO:0008021,GO:0016020,GO:0030424
T96060004604	Mix	GO:0005789	GO:0005737
T96060012396	Mix	GO:0070062	GO:0016020,GO:0005794,GO:0005886
T446890000134	Mix	GO:0005829,GO:0005886	GO:0005634,GO:0005794
T100900007554	Mix	GO:0005634	GO:0005737,GO:0005794,GO:0005829
T5592920005558	Mix	GO:0005739	GO:0005634,GO:0005794
T37020005589	Mix	GO:0005829	GO:0005737,GO:0005739
T96060001760	Mix	GO:0005739	GO:0005783,GO:0005794,GO:0005886
T96060007379	Mix	GO:0070062	GO:0005634,GO:0005730
T96060017477	Mix	GO:0005737,GO:0043231	GO:0005794,GO:0005783,GO:0005829
T96060008941	Mix	GO:0005634	GO:0005739
T100900000790	Mix	GO:0005886	GO:0005794,GO:0005886,GO:0005783,GO:0005887
T101160001973	Mix	GO:0043195	GO:0008021
T100900001519	Mix	GO:0009986	GO:0005794
T96060001505	Mix		GO:0005794
T2089640000822	Mix		GO:0005576
T96060000031	Mix	GO:0000139,GO:0005615,GO:0005788,GO:0005886,GO:0005925,GO:0012507,GO:0030670,GO:0031901,GO:0031905,GO:0070062,GO:0071556	GO:0005886,GO:0000139,GO:0005794,GO:0008021,GO:0012507,GO:0016020
T96060001008	Mix	GO:0070062	GO:0005886,GO:0005737,GO:0005794,GO:0005887
T96060012863	Mix	GO:0005829	GO:0005794
T2848120001137	Mix	GO:0005739	GO:0005739
T37020002533	Mix	GO:0005886	GO:0005794,GO:0005886,GO:0008021
T96060003503	Mix	GO:0005737	GO:0005737,GO:0005794
T96060003932	Mix	GO:0070062	GO:0005794
T100900000587	Mix		GO:0005794
T446890001021	Mix	GO:0001891,GO:0005911,GO:0030864,GO:0044354	GO:0001891,GO:0005737,GO:0005794
T96060006698	Mix	GO:0070062	GO:0005576,GO:0005615,GO:0005737,GO:0005794,GO:0005886
T96060007336	Mix	GO:0005719	GO:0000790
T96060000298	Mix	GO:0016020	GO:0005634,GO:0005737
T96060005523	Mix	GO:0005634	GO:0005634,GO:0005730
T96060001126	Mix	GO:0070062	GO:0005634,GO:0005654,GO:0005730,GO:0005794
T100900015186	Mix	GO:0035068	GO:0005634,GO:0005737,GO:0005794,GO:0005829
T96060016382	Mix	GO:0070062	GO:0001533
T96060013641	Mix	GO:0042995,GO:0070062	GO:0001750,GO:0016020,GO:0070044,GO:0043005,GO:0042995,GO:0032420,GO:0030672,GO:0016324,GO:0009986,GO:0005615
T100900003328	Mix		GO:0005794
T96060004160	Mix	GO:0031461	GO:0005622,GO:0005794
T96060014171	Mix	GO:0005634	GO:0005794
T96060017413	Mix	GO:0070062	GO:0005737,GO:0005739
T96060008994	Mix	GO:0005615	GO:0005634
T2848120003276	Mix	GO:0005634	GO:0005634
T96060008508	Mix	GO:0070062	GO:0005615
T96060006792	Mix	GO:0016020	GO:0005783
T100900013686	Mix	GO:0005615,GO:0031012	GO:0005794
T100900003780	Mix	GO:0043196	GO:0005886
T96060009714	Mix	GO:0009986	GO:0005886
T833330002469	Mix	GO:0005887	GO:0005794
T100900003070	Mix		GO:0005794
T96060000021	Mix	GO:0000139,GO:0005886,GO:0012507,GO:0030670,GO:0031901,GO:0071556	GO:0005886,GO:0000139,GO:0005794,GO:0008021,GO:0012507,GO:0016020
T100900006262	Mix	GO:0005615,GO:0005634	GO:0005576
T96060007311	Mix	GO:0005881,GO:0016020	GO:0000922,GO:0005794,GO:0005829
T96060016353	Mix	GO:0005634	GO:0005634
T96060004980	Mix	GO:0005634,GO:0005794,GO:0070062	GO:0005739
T100900013294	Mix		GO:0005886
T100900008150	Mix		GO:0005794
T100900001277	Mix		GO:0005886,GO:0016020,GO:0005634,GO:0005737,GO:0005794
T96060016519	Mix	GO:0005615	GO:0005886,GO:0005737
T96060012769	Mix	GO:0005737	GO:0005737
T96060019402	Mix	GO:0005783	GO:0005886,GO:0016020,GO:0005654,GO:0005737,GO:0005794,GO:0005829,GO:0008021
T100900012316	Mix	GO:0005737,GO:0097225,GO:0097228	GO:0005737,GO:0005794
T96060006630	Mix	GO:0070062	GO:0005794,GO:0005829,GO:0005886
T100900010414	Mix		GO:0005794,GO:0005737,GO:0005813,GO:0005886
T833330002136	Mix	GO:0005829	GO:0016020,GO:0005794
T833330002869	Mix	GO:0009380	GO:0005886,GO:0005618,GO:0005794
T100900010326	Mix	GO:0005739,GO:0005829,GO:0031982,GO:0043005,GO:0044297,GO:0097225	GO:0005739,GO:0005794,GO:0005886,GO:0005929
T96060006417	Mix	GO:0005737,GO:0070062	GO:0005737
T96060000748	Mix	GO:0005886	GO:0005794,GO:0005829
T96060005177	Mix	GO:0031012	GO:0005576,GO:0005615
T96060007346	Mix	GO:0005634	GO:0000794,GO:0005622
T100900013503	Mix		GO:0005737,GO:0005794,GO:0005886
T96060013506	Mix	GO:0070062	GO:0005783
T96060010654	Mix	GO:0005615	GO:0005886,GO:0005730,GO:0005737
T96060005534	Mix	GO:0005794,GO:0005829	GO:0005794,GO:0005829
T96060009928	Mix	GO:0016020	GO:0005634,GO:0005654,GO:0005737,GO:0005794,GO:0005886,GO:0008021
T96060018395	Mix	GO:0005634,GO:0005737	GO:0005783
T101160002168	Mix		GO:0005737,GO:0005794,GO:0005886
T100900005816	Mix	GO:0005829	GO:0005886,GO:0005737,GO:0005794,GO:0008021
T100900009074	Mix		GO:0005794
T101160002634	Mix	GO:0043005,GO:0044297	GO:0043005,GO:0005794
T79550001684	Mix		GO:0005576,GO:0005623
T96060004546	Mix		GO:0005737,GO:0005794
T96060002934	Mix	GO:0005634	GO:0005794
T96060020186	Mix	GO:0005768,GO:0005829,GO:0016020	GO:0005768
T100900011976	Mix		GO:0005886
T5592920002854	Mix	GO:0030687,GO:0070545	GO:0005634,GO:0005730,GO:0005794,GO:0005886
T100900008833	Mix	GO:0005576	GO:0005576,GO:0005615
T96060011765	Mix	GO:0070062	GO:0005794,GO:0005886
T100900002908	Mix	GO:0031012	GO:0005576,GO:0005615,GO:0005788,GO:0005794,GO:0005886
T96060000307	Mix	GO:0005794,GO:0070062,GO:0097038	GO:0005886,GO:0008021,GO:0005615,GO:0005634,GO:0005737,GO:0005794
T96060016824	Mix	GO:0005759,GO:0005829	GO:0005737,GO:0005759,GO:0005794
T833330000887	Mix		GO:0005737,GO:0005794
T72270002597	Mix	GO:0005886,GO:0031201,GO:0043195	GO:0005886
T96060008718	Mix	GO:0070062	GO:0005794,GO:0005886,GO:0008021
T96060007338	Mix	GO:0005719	GO:0000790
T100900009855	Mix	GO:0005768,GO:0016328,GO:0045211	GO:0005634,GO:0005737
T37020000974	Mix		GO:0005634
T96060012325	Mix	GO:0016020	GO:0005794
T100900014609	Mix	GO:0005634	GO:0000346,GO:0000347,GO:0000445
T96060001984	Mix	GO:0005891	GO:0005794
T96060009519	Mix	GO:0070062	GO:0005886
T96060016443	Mix	GO:0005634,GO:0005739	GO:0005794
T5592920000112	Mix	GO:0031305	GO:0005739
T96060014738	Mix		GO:0005634,GO:0005730
T96060014082	Mix	GO:0005615,GO:0005886,GO:0005925,GO:0070062	GO:0005886,GO:0005794
T833330002106	Mix		GO:0005794
T5592920006305	Mix	GO:0071821	GO:0005634
T96060003775	Mix	GO:0070062	GO:0043005,GO:0005794
T96060018798	Mix	GO:0005634,GO:0005737	GO:0005886,GO:0002142,GO:0005634
T5592920003599	Mix	GO:0005739	GO:0005739
T96060002842	Mix	GO:0005789	GO:0005789
T96060014525	Mix	GO:0005829,GO:0016020,GO:0034066	GO:0005794,GO:0005886
T96060012056	Mix	GO:0005886	GO:0005886
T96060009997	Mix	GO:0016020	GO:0005794,GO:0005886
T833330000553	Mix	GO:0005829	GO:0005634,GO:0005794
T37020010537	Mix	GO:0009535,GO:0009543,GO:0009570,GO:0009941	GO:0016020,GO:0005794
T96060015266	Mix	GO:0005789,GO:0005886	GO:0005794
T96060005340	Mix		GO:0005634,GO:0005730,GO:0005737,GO:0005794,GO:0005829
T100900014699	Mix	GO:0005634,GO:0005938,GO:0043234	GO:0005794,GO:0005886
T96060011286	Mix	GO:0005730	GO:0005634
T96060010817	Mix	GO:0070062,GO:0072562	GO:0005576
T96060015749	Mix	GO:0005829	GO:0005794
T100900006453	Mix		GO:0005794
T96060015759	Mix	GO:0005829	GO:0005794
T96060009375	Mix	GO:0005615,GO:0070062	GO:0005794
T833330001130	Mix		GO:0005634
T100900000184	Mix		GO:0005737
T100900000205	Mix	GO:0005737,GO:0005886	GO:0005886,GO:0005576,GO:0005615,GO:0005794,GO:0008021
T96060020207	Mix	GO:0005634	GO:0001669,GO:0002199,GO:0005794
T100900014956	Mix	GO:0005886	GO:0005886
T100900016428	Mix		GO:0005634,GO:0005730,GO:0005737
T100900003859	Mix	GO:0005743	GO:0005739
T96060016054	Mix	GO:0000790,GO:0016514,GO:0017053	GO:0005634,GO:0005730,GO:0005794,GO:0005886
T96060001549	Mix	GO:0005737,GO:0034464	GO:0005737,GO:0005794
T2848120001778	Mix	GO:0005826,GO:0005829,GO:0070648	GO:0005794,GO:0005826
T96060013209	Mix		GO:0005622
T96060012407	Mix	GO:0005634,GO:0070062	GO:0005739,GO:0005759
T96060001789	Mix	GO:0070062	GO:0005794
T96060005533	Mix		GO:0005794
T96060016499	Mix	GO:0016607	GO:0005634,GO:0005654,GO:0005730
T96060011480	Mix	GO:0005730	GO:0005634
T100900010690	Mix	GO:0005968	GO:0005794
T96060020082	Mix	GO:0005634	GO:0005634,GO:0005730,GO:0005737
T96060013771	Mix	GO:0070062	GO:0005886,GO:0005794
T96060002590	Mix	GO:0009897	GO:0005886,GO:0005794
T96060018054	Mix	GO:0005730	GO:0005737
T100900005921	Mix	GO:0005615	GO:0005576
T96060019945	Mix	GO:0005730	GO:0005634,GO:0005730
T100900004661	Mix		GO:0005622
T100900015887	Mix		GO:0005576
T100900007492	Mix		GO:0005654,GO:0005730,GO:0005794
T96060014025	Mix	GO:0070062	GO:0005794
T96060002942	Mix	GO:0005737,GO:0005886,GO:0030054	GO:0005737
T37020012017	Mix		GO:0005794
T96060009192	Mix	GO:0005615	GO:0005794
T96060019581	Mix	GO:0005794	GO:0005783,GO:0005789
T2089640000026	Mix		GO:0005794
T96060000560	Mix	GO:0005829,GO:0005844,GO:0035068	GO:0000932,GO:0005794
T100900003604	Mix	GO:0031252,GO:0043234	GO:0005794
T96060006887	Mix	GO:0070062	GO:0005794,GO:0000139,GO:0005886
T833330001222	Mix		GO:0005634,GO:0005688,GO:0005730,GO:0005794
T96060000990	Mix	GO:0005739	GO:0005615
T96060019844	Mix	GO:0070062	GO:0005634,GO:0005730,GO:0005737
T79550000920	Mix	GO:0005764	GO:0005739,GO:0005764
T96060017586	Mix	GO:0005634	GO:0005739,GO:0005743
T96060010543	Mix	GO:0070062	GO:0005794,GO:0005768
T96060013098	Mix	GO:0005634	GO:0005634,GO:0005794
T446890002705	Mix	GO:0005886	GO:0005886,GO:0005634,GO:0005730,GO:0005737,GO:0005794,GO:0005829,GO:0008021,GO:0016020
T2089640000159	Mix		GO:0005739
T96060018630	Mix	GO:0070062	GO:0005737,GO:0005794
T96060006191	Mix	GO:0005577,GO:0009897,GO:0031093,GO:0070062,GO:0072562	GO:0005886,GO:0005576,GO:0005615,GO:0005794,GO:0008021,GO:0009897,GO:0009986
T96060015080	Mix		GO:0000176,GO:0005737
T96060018234	Mix	GO:0005634	GO:0001669,GO:0005737,GO:0005794
T833330002423	Mix	GO:0022627	GO:0005739
T833330003226	Mix		GO:0005737
T5592920000525	Mix	GO:0005886,GO:0030479,GO:0043332	GO:0005737,GO:0005794,GO:0005886
T96060012731	Mix	GO:0005654,GO:0005663,GO:0005730,GO:0005739,GO:0005813,GO:0016020,GO:0043596,GO:0070062,GO:0070557	GO:0005634,GO:0005654,GO:0005663,GO:0005730,GO:0005737,GO:0005794,GO:0005886,GO:0008021
T5592920001211	Mix	GO:0030134	GO:0005794
T100900013126	Mix	GO:0000776,GO:0000780	GO:0000775,GO:0000776,GO:0000780
T96060019575	Mix	GO:0005783,GO:0005794	GO:0005783
T96060000102	Mix	GO:0000139,GO:0005765,GO:0009986,GO:0012507,GO:0030669,GO:0031902,GO:0032588,GO:0042613,GO:0070062,GO:0071556	GO:0005886,GO:0000139,GO:0005765,GO:0005794,GO:0008021,GO:0012507,GO:0016020,GO:0030658,GO:0030666,GO:0030669
T100900007438	Mix	GO:0005739	GO:0005739
T96060009248	Mix	GO:0005886,GO:0071748,GO:0071751,GO:0071756,GO:0072562	GO:0005886,GO:0005576
T96060004456	Mix	GO:0005737,GO:0016020	GO:0005635
T96060007455	Mix	GO:0005886	GO:0005886
T96060004634	Mix	GO:0016020	GO:0005634,GO:0005684
T96060004676	Mix	GO:0005765,GO:0070062	GO:0005769,GO:0005770,GO:0005794,GO:0005886
T100900001346	Mix	GO:0005634	GO:0005794
T96060005279	Mix	GO:0016020	GO:0005794,GO:0005874
T96060006552	Mix	GO:0070062	GO:0005576
T100900004343	Mix		GO:0005737,GO:0005794,GO:0005886
T96060005522	Mix	GO:0005730,GO:0005737	GO:0005886,GO:0005634,GO:0005730,GO:0005737
T96060010738	Mix	GO:0000776,GO:0000785	GO:0000777,GO:0000785,GO:0005634,GO:0005643,GO:0005794,GO:0005829,GO:0005886
T96060018073	Mix		GO:0005886,GO:0005737
T96060000533	Mix	GO:0008023	GO:0005634
T5592920001724	Mix	GO:0000932,GO:0010494	GO:0005794
T96060009496	Mix	GO:0005925	GO:0005622
T37020010688	Mix		GO:0005886
T2089640000690	Mix		GO:0005737,GO:0005739
T833330002833	Mix	GO:0055052	GO:0016020,GO:0005794
T96060016531	Mix	GO:0070062	GO:0005783,GO:0005784
T96060002979	Mix	GO:0070062	GO:0005703,GO:0005705
T96060006983	Mix	GO:0002178,GO:0005795,GO:0031228,GO:0070062	GO:0005794
T5592920003639	Mix	GO:0005628	GO:0005634,GO:0005737,GO:0005794
T96060005680	Mix	GO:0070062	GO:0005886,GO:0005737,GO:0005794
T96060019582	Mix	GO:0005886	GO:0005886,GO:0005794
T96060016358	Mix	GO:0070062	GO:0005794
T96060013931	Mix	GO:0005615,GO:0005783,GO:0031012,GO:0070062	GO:0005615,GO:0005783,GO:0005794
T37020002246	Mix		GO:0005634
T5592920006075	Mix	GO:0005737,GO:0005935	GO:0005737
T96060004755	Mix	GO:0070062	GO:0005794,GO:0005813
T96060007401	Mix		GO:0005743
T96060009321	Mix	GO:0005925,GO:0070062	GO:0005737,GO:0005794
T96060018950	Mix	GO:0005768,GO:0071203	GO:0005768,GO:0005794
T5592920005187	Mix	GO:0071821	GO:0005794
T100900012055	Mix	GO:0030425,GO:0043025	GO:0005886
T72270000684	Mix	GO:0005884,GO:0005912,GO:0005938,GO:0012506,GO:0016324,GO:0032154,GO:0035230	GO:0005794,GO:0005884,GO:0005886,GO:0005912,GO:0005938,GO:0008021
T96060008451	Mix	GO:0070062	GO:0005576
T96060012865	Mix	GO:0005730,GO:0016020,GO:0035327,GO:0071339	GO:0005794
T79550001951	Mix	GO:0005634	GO:0000792,GO:0005634,GO:0005794,GO:0005829
T96060017090	Mix	GO:0036064,GO:0072372	GO:0005737,GO:0005794
T72270000186	Mix		GO:0000794,GO:0005634
T101160001163	Mix	GO:0005634,GO:0005737	GO:0005634,GO:0005794
T100900010658	Mix	GO:0005605,GO:0005796	GO:0005578,GO:0005604,GO:0005605,GO:0005794
T96060010929	Mix	GO:0070062	GO:0005794,GO:0005811
T96060017247	Mix	GO:0005634	GO:0005794
T96060011882	Mix	GO:0005886	GO:0005886
T833330000847	Mix		GO:0005886,GO:0005576,GO:0005618,GO:0005794
T101160000151	Mix	GO:0005892	GO:0005886,GO:0005794,GO:0005892
T5592920006222	Mix	GO:0005628	GO:0005576
T833330001044	Mix	GO:0005737	GO:0005737
T2089640000358	Mix		GO:0005794
T96060003903	Mix	GO:0030133,GO:0070062	GO:0005794
T100900008012	Mix	GO:0005634	GO:0005886,GO:0005634,GO:0005737,GO:0005794
T72270001629	Mix	GO:0005737,GO:0005886,GO:0016028,GO:0070451	GO:0005886,GO:0005634,GO:0005737,GO:0005794
T72270001287	Mix	GO:0005737,GO:0005886	GO:0005794
T96060006285	Mix	GO:0070062	GO:0005794
T96060015603	Mix	GO:0005615	GO:0030672,GO:0005794
T100900013669	Mix	GO:0005615	GO:0005794,GO:0005886,GO:0005764,GO:0005768,GO:0008021
T100900008845	Mix	GO:0005887,GO:0032588	GO:0005794
T100900000796	Mix	GO:0005623	GO:0005886,GO:0005604,GO:0005794
T96060014346	Mix	GO:0070062	GO:0005576
T96060006376	Mix	GO:0005615	GO:0043005,GO:0005794,GO:0005886
T96060008073	Mix	GO:0005929	GO:0005794,GO:0005814,GO:0005886,GO:0005929,GO:0005930,GO:0005932,GO:0008021,GO:0016020
T96060006223	Mix	GO:0016020	GO:0005739,GO:0005740,GO:0005794
T96060018553	Mix		GO:0005794,GO:0005886,GO:0005929
T96060012920	Mix	GO:0070062,GO:0097228	GO:0005794
T96060000633	Mix	GO:0005634	GO:0005634
T96060017770	Mix	GO:0005783	GO:0005783
T96060013423	Mix	GO:0005634,GO:0005737,GO:0005886	GO:0005737,GO:0005794
T96060006629	Mix	GO:0016020	GO:0005794
T100900013880	Mix		GO:0005737,GO:0005794
T2243080000735	Mix		GO:0005739
T96060009134	Mix		GO:0005634,GO:0005737,GO:0005794
T100900007880	Mix	GO:0005739	GO:0005739
T100900012252	Mix		GO:0005576
T96060018680	Mix	GO:0070062	GO:0005886
T101160001091	Mix		GO:0005634,GO:0005737
T37020005510	Mix		GO:0005634,GO:0005794
T2089640001210	Mix		GO:0005794
T96060012975	Mix	GO:0005654,GO:0015629,GO:0035102	GO:0005634,GO:0005794,GO:0005886,GO:0008021
T5592920006440	Mix	GO:0005628	GO:0005783,GO:0005794
T100900014105	Mix	GO:0005623	GO:0008021,GO:0016020,GO:0030672,GO:0005794,GO:0005886,GO:0030285,GO:0042734,GO:0043005
T96060010436	Mix	GO:0005730	GO:0005794
T96060007678	Mix	GO:0016020	GO:0005794
T100900001007	Mix		GO:0005794,GO:0005634,GO:0005730,GO:0005737
T96060015422	Mix	GO:0070062	GO:0005737
T96060011046	Mix	GO:0005739,GO:0016020,GO:0070062	GO:0005739
T96060008727	Mix	GO:0008076	GO:0005794
T100900002392	Mix	GO:0005739	GO:0005739
T96060018763	Mix	GO:0005765,GO:0005829,GO:0070062	GO:0005794
T37020000006	Mix	GO:0005618,GO:0005634,GO:0005739,GO:0005773,GO:0005794,GO:0005829,GO:0005886,GO:0009506,GO:0009507	GO:0005794,GO:0005871
T100900006099	Mix	GO:0005654	GO:0000790
T96060016142	Mix	GO:0070062	GO:0005794,GO:0005886
T96060016748	Mix	GO:0000836,GO:0070062	GO:0005730,GO:0005739
T96060018743	Mix	GO:0000139,GO:0005764,GO:0005768,GO:0009986	GO:0000139,GO:0005764,GO:0005768
T96060012530	Mix	GO:0070062	GO:0005576,GO:0005634,GO:0005794
T96060013590	Mix	GO:0005634,GO:0070062	GO:0005615
T96060017669	Mix	GO:0070062	GO:0005886,GO:0000324
T100900002553	Mix	GO:0005923	GO:0005794
T100900004337	Mix	GO:0071541	GO:0005794
T100900005497	Mix		GO:0016020
T96060014140	Mix	GO:0005829,GO:0005886	GO:0005794
T37020002522	Mix	GO:0005886	GO:0005794
T37020012050	Mix		GO:0005634
T100900007351	Mix	GO:0044224	GO:0005794
T100900001029	Mix	GO:0005737,GO:0005874,GO:0030496,GO:0072687,GO:0097431	GO:0000922,GO:0005794
T96060005271	Mix	GO:0005634,GO:0005737,GO:0033588	GO:0005634,GO:0005737,GO:0005794
T96060013190	Mix	GO:0070062	GO:0005764
T100900008079	Mix	GO:0030027,GO:0031941	GO:0005634,GO:0005737,GO:0005794,GO:0005829
T96060003347	Mix	GO:0070062	GO:0005615,GO:0005794
T96060012599	Mix	GO:0005634	GO:0005794,GO:0005737,GO:0005813,GO:0005886
T37020001282	Mix		GO:0005634
T100900015842	Mix	GO:0016328	GO:0005886,GO:0005794,GO:0005911,GO:0008021,GO:0016020,GO:0016323
T2848120002951	Mix	GO:0005634,GO:0005829,GO:0044732	GO:0005634,GO:0005794,GO:0005816,GO:0005829
T100900005463	Mix	GO:0005886	GO:0005794
T2089640000353	Mix		GO:0005886
T72270002614	Mix	GO:0012505	GO:0005794
T72270002509	Mix	GO:0012505	GO:0005794
T100900015339	Mix		GO:0005794
T96060009178	Mix	GO:0005615,GO:0070062	GO:0005794,GO:0005882
T2730570000038	Mix		GO:0005737
T96060018049	Mix	GO:0070062	GO:0001669
T96060004278	Mix	GO:0070062	GO:0005794,GO:0005886,GO:0005932
T96060014321	Mix	GO:0070062	GO:0005794
T96060010965	Mix	GO:0005844,GO:0031417	GO:0008021,GO:0005794,GO:0005886,GO:0014069,GO:0016020,GO:0030425
T96060011706	Mix	GO:0005634,GO:0005737	GO:0005634,GO:0005737
T37020006737	Mix	GO:0005747	GO:0005739
T96060007491	Mix	GO:0005739,GO:0070062	GO:0005737
T96060006241	Mix	GO:0005925,GO:0070062	GO:0005794
T96060007480	Mix	GO:0070062	GO:0005794
T79550001107	Mix		GO:0005634,GO:0005730,GO:0005737
T100900009069	Mix	GO:0005623	GO:0005622,GO:0005764,GO:0005794
T96060006800	Mix	GO:0005634,GO:0030054	GO:0005737,GO:0005794,GO:0005886
T96060006941	Mix	GO:0005634	GO:0005634,GO:0005737,GO:0005794
T96060010153	Mix	GO:0005886	GO:0005764,GO:0005770
T2089640000590	Mix		GO:0005886
T37020000011	Mix		GO:0005794,GO:0005875
T100900013085	Mix	GO:0042382	GO:0005794
T96060007955	Mix	GO:0005829,GO:0016020	GO:0016020
T96060016625	Mix	GO:0005741,GO:0005789,GO:0030659	GO:0005741,GO:0005789,GO:0005794
T96060003563	Mix	GO:0005595,GO:0005615,GO:0005788,GO:0070062	GO:0005576,GO:0005615,GO:0005788,GO:0005794,GO:0005886
T72270000866	Mix		GO:0005615
T96060013361	Mix	GO:0005634	GO:0005654
T96060001865	Mix	GO:0005615,GO:0005887	GO:0005615
T96060018543	Mix		GO:0005737
T96060000555	Mix	GO:0016020	GO:0005794,GO:0005886
T96060007369	Mix	GO:0005615,GO:0005654,GO:0070062	GO:0000790
T833330001051	Mix	GO:0005829	GO:0005886
T2089640000021	Mix		GO:0005794
T96060013275	Mix	GO:0005886	GO:0005886
T96060004670	Mix	GO:0016020	GO:0005783
T96060009882	Mix	GO:0005634	GO:0005615
T2089640000091	Mix		GO:0005634,GO:0005794
T96060003369	Mix	GO:0005634	GO:0005794,GO:0005886,GO:0008021
T100900001173	Mix		GO:0005634,GO:0005654,GO:0005730,GO:0005737,GO:0005794,GO:0005886,GO:0008021,GO:0016020
T96060017687	Mix	GO:0070062	GO:0001411,GO:0005794
T37020001407	Mix		GO:0005634
T96060006269	Mix	GO:0005634	GO:0005634,GO:0005730
T96060004110	Mix	GO:0005886	GO:0005886
T5592920000826	Mix	GO:0005737	GO:0005737
T72270000255	Mix	GO:0001725,GO:0005884	GO:0005794
T96060008833	Mix	GO:0072562	GO:0000123,GO:0000785,GO:0005634,GO:0005794,GO:0005829
T96060013295	Mix	GO:0005634	GO:0005634
T96060014706	Mix	GO:0005634,GO:0005737	GO:0005794
T96060013061	Mix	GO:0016020	GO:0005789
T96060019721	Mix	GO:0000776,GO:0005634	GO:0005634,GO:0005730
T96060003777	Mix	GO:0070062	GO:0016020,GO:0005794,GO:0005886
T96060006272	Mix	GO:0005634	GO:0005886,GO:0005737,GO:0005794,GO:0005911
T37020011161	Mix	GO:0043234	GO:0005794
T96060009625	Mix	GO:0030054	GO:0005886,GO:0016020
T100900008739	Mix	GO:0005739,GO:0034704	GO:0005739,GO:0005794
T96060011148	Mix	GO:0005634,GO:0005794,GO:0005813,GO:0070062	GO:0005794,GO:0005634,GO:0005730,GO:0005737,GO:0005813
T2848120003794	Mix		GO:0005634,GO:0005643,GO:0005737,GO:0005794,GO:0005886
T100900011069	Mix		GO:0005737
T101160004915	Mix	GO:0005634,GO:0005737	GO:0005794
T96060009771	Mix	GO:0005576,GO:0031012	GO:0005576,GO:0005794
T100900012748	Mix	GO:0032809,GO:0043005	GO:0005886
T96060014343	Mix	GO:0070062	GO:0005794,GO:0005829
T96060013740	Mix	GO:0070062	GO:0005794,GO:0005886
T96060013566	Mix	GO:0016020	GO:0005886,GO:0005737
T96060017188	Mix	GO:0005730,GO:0005813,GO:0005829,GO:0005874,GO:0070062	GO:0005730,GO:0005737,GO:0005794,GO:0005813,GO:0005829
T100900010840	Mix	GO:0005623	GO:0005794,GO:0005829,GO:0005886
T96060000574	Mix	GO:0005813,GO:0005911,GO:0005912,GO:0036064,GO:0072372	GO:0005794,GO:0005813,GO:0005886,GO:0005911,GO:0005912
T96060015632	Mix	GO:0070062	GO:0005576,GO:0005615
T100900001430	Mix	GO:0005623	GO:0005615,GO:0005737,GO:0005794
T96060001618	Mix	GO:0070062	GO:0005737,GO:0005794
T96060008622	Mix	GO:0005634,GO:0009986,GO:0045095	GO:0005794
T96060007060	Mix	GO:0005730,GO:0005737,GO:0005886	GO:0005634
T96060018322	Mix	GO:0005634,GO:0005737	GO:0005737,GO:0005794
T96060006071	Mix	GO:0005794,GO:0031467,GO:0048471	GO:0005794,GO:0005886,GO:0008021
T96060009456	Mix		GO:0005634
T96060010962	Mix	GO:0031415,GO:0070062	GO:0005737
T100900015345	Mix	GO:0009986,GO:0097197	GO:0005794
T2089640000269	Mix		GO:0005618
T96060004005	Mix	GO:0005925	GO:0005634
T100900006427	Mix	GO:0036019,GO:0061474	GO:0005886,GO:0005576,GO:0005794
T96060006695	Mix	GO:0043234	GO:0005615
T96060007911	Mix	GO:0005887	GO:0005794
T96060013277	Mix	GO:0005886,GO:0030027	GO:0005886
T2089640000028	Mix		GO:0005886
T100900001167	Mix	GO:0031012	GO:0005578
T96060017679	Mix	GO:0005634	GO:0005794,GO:0005886,GO:0005634,GO:0005730,GO:0005737,GO:0008021
T100900013811	Mix		GO:0005634,GO:0005654
T96060008397	Mix		GO:0005783
T100900013932	Mix		GO:0005634,GO:0005730,GO:0005737
T100900012724	Mix	GO:0005886	GO:0005886
T96060018795	Mix	GO:0005576,GO:0031093	GO:0005576,GO:0005794
T96060006426	Mix	GO:0070062	GO:0005794
T96060017508	Mix	GO:0005887,GO:0009897,GO:0010008,GO:0046696,GO:0048471	GO:0005886,GO:0005737,GO:0005794,GO:0005887,GO:0008021,GO:0009897,GO:0010008
T96060010348	Mix	GO:0070062	GO:0005739,GO:0005794
T96060006851	Mix	GO:0005634,GO:0005794	GO:0005634
T100900011415	Mix	GO:0005634	GO:0005634
T96060018194	Mix	GO:0005886,GO:0070062	GO:0016020,GO:0005794
T100900014743	Mix		GO:0005886,GO:0005737
T2848120002072	Mix	GO:0005634	GO:0005634
T96060018657	Mix	GO:0048786	GO:0005886
T96060019536	Mix	GO:0008023,GO:0015030,GO:0035327,GO:0035363	GO:0005634
T5592920002538	Mix	GO:0005739,GO:0005844,GO:0030687	GO:0005737,GO:0005739,GO:0005794
T96060020187	Mix	GO:0005886,GO:0030659,GO:0043234	GO:0005634
T96060005190	Mix	GO:0016020	GO:0005634
T833330001945	Mix		GO:0005794
T100900006089	Mix	GO:0005654	GO:0000786,GO:0005794
T96060002076	Mix	GO:0005634	GO:0005794
T2848120000420	Mix	GO:0005634,GO:0005829	GO:0000781,GO:0005634,GO:0005794
T96060018628	Mix	GO:0070062	GO:0005634
T96060010958	Mix	GO:0070062	GO:0005886,GO:0005634,GO:0005730,GO:0005737
T96060015405	Mix	GO:0043234	GO:0005794
T96060006719	Mix	GO:0005739,GO:0005783,GO:0005829,GO:0070062	GO:0005794
T96060004057	Mix	GO:0005634	GO:0005634,GO:0005794,GO:0005886
T100900011852	Mix	GO:0005789,GO:0044317,GO:0045177	GO:0000329
T100900014274	Mix	GO:0005813	GO:0005794
T2730570000069	Mix		GO:0005886
T96060009865	Mix	GO:0070062	GO:0005794
T96060001632	Mix	GO:0070062	GO:0005634,GO:0005794
T96060010175	Mix	GO:0005886,GO:0022627	GO:0005737,GO:0005794,GO:0005829
T833330002881	Mix	GO:0005829,GO:0016020	GO:0000790
T2089640000789	Mix		GO:0005739
T100900002263	Mix		GO:0005634,GO:0005794
T96060007180	Mix		GO:0005615,GO:0005794
T2089640000547	Mix		GO:0005886,GO:0005576,GO:0005618,GO:0005794
T446890002337	Mix		GO:0005737,GO:0005794,GO:0005886,GO:0005887
T37020007689	Mix		GO:0043005,GO:0005615,GO:0005791,GO:0005794,GO:0005802,GO:0005886,GO:0008021,GO:0016020,GO:0030141,GO:0030425
T5592920000681	Mix	GO:0005852	GO:0005737,GO:0005794
T100900004136	Mix	GO:0005737,GO:0016323,GO:0016324	GO:0005634,GO:0005730,GO:0005794
T100900015348	Mix		GO:0005794
T96060013436	Mix		GO:0005794
T2089640000511	Mix		GO:0005576,GO:0005794
T96060005363	Mix	GO:0070062	GO:0005783
T96060019564	Mix	GO:0005783	GO:0005794
T96060005578	Mix	GO:0070062	GO:0005794
T96060008160	Mix	GO:0072536	GO:0005794
T96060006231	Mix		GO:0005634
T833330000363	Mix		GO:0005794
T96060019157	Mix	GO:0005657,GO:0005813,GO:0033063	GO:0005886,GO:0005737,GO:0005794
T96060009335	Mix		GO:0005730,GO:0005794
T96060004163	Mix	GO:0005634,GO:0005829	GO:0005634,GO:0005730,GO:0005737,GO:0005794
T96060005396	Mix	GO:0070062	GO:0005769,GO:0005794
T100900013975	Mix	GO:0005886	GO:0016020
T72270002994	Mix	GO:0005634,GO:0035370,GO:0048471	GO:0005634,GO:0005794
T100900000902	Mix		GO:0005634,GO:0005794
T96060019845	Mix	GO:0005615	GO:0005634,GO:0005730,GO:0005737,GO:0005794
T96060000526	Mix	GO:0005634,GO:0005737,GO:0005886	GO:0005794
T100900002732	Mix	GO:0016323,GO:0016324	GO:0005794,GO:0005886
T96060019810	Mix	GO:0005634,GO:0005737	GO:0005634,GO:0005739
T96060002112	Mix	GO:0070062	GO:0005789
T100900014952	Mix		GO:0005794
T100900013537	Mix		GO:0005634,GO:0005794
T96060006211	Mix	GO:0016020	GO:0005783
T96060000698	Mix	GO:0005634	GO:0005794
T72270001734	Mix	GO:0005634	GO:0005634
T5592920006298	Mix	GO:0005811	GO:0005794
T96060002069	Mix	GO:0005634,GO:0030424,GO:0030425,GO:0043025,GO:0070062	GO:0005634
T96060002558	Mix	GO:0009986	GO:0005615
T100900000082	Mix		GO:0016020
T96060001239	Mix	GO:0016020	GO:0005576
T96060004044	Mix	GO:0015629	GO:0005794
T96060003291	Mix	GO:0005886	GO:0005886
T100900001594	Mix	GO:0016021	GO:0005634,GO:0005794
T96060006366	Mix	GO:0005634,GO:0005829,GO:0008043,GO:0070062	GO:0005794,GO:0005829
T100900010886	Mix	GO:0002080	GO:0005886,GO:0005615
T96060012437	Mix	GO:0070062	GO:0005886,GO:0005794
T96060018142	Mix	GO:0005886	GO:0005794,GO:0005886
T100900010955	Mix	GO:0005783	GO:0005794
T100900012201	Mix	GO:0005829	GO:0005794
T96060010494	Mix	GO:0042406	GO:0005615,GO:0005634,GO:0005794,GO:0005886,GO:0008021
T37020005121	Mix		GO:0005634,GO:0005737
T96060005885	Mix	GO:0005634	GO:0005634,GO:0005730,GO:0005737
T2089640000256	Mix		GO:0016020,GO:0005737,GO:0005794
T833330000664	Mix		GO:0005794
T96060006901	Mix	GO:0005829,GO:0016020,GO:0070062	GO:0005794
T96060019070	Mix	GO:0005634,GO:0070062	GO:0005634,GO:0005667
T96060016424	Mix	GO:0070062	GO:0005886
T5592920005895	Mix	GO:0005840	GO:0005737,GO:0005794
T96060009678	Mix	GO:0005886,GO:0009986,GO:0034702	GO:0005794,GO:0005886
T96060019675	Mix	GO:0005730,GO:0005737	GO:0005794,GO:0005829
T96060004065	Mix	GO:0016020	GO:0005634,GO:0005737
T96060007431	Mix	GO:0070062	GO:0005886,GO:0005794
T96060007503	Mix	GO:0005730	GO:0005634,GO:0005730
T96060000602	Mix	GO:0005615,GO:0070062	GO:0005794,GO:0005829
T100900008711	Mix	GO:0043196,GO:0045202	GO:0005794,GO:0005811
T100900001527	Mix	GO:0005737	GO:0005634,GO:0005730,GO:0005737
T100900011950	Mix		GO:0005886,GO:0005737,GO:0005794
T96060012464	Mix	GO:0016020,GO:0070062	GO:0005794
T96060004918	Mix	GO:0016020	GO:0005794,GO:0005886
T100900013233	Mix	GO:0009897	GO:0005886,GO:0005794,GO:0005887
T96060019188	Mix	GO:0005615,GO:0005654,GO:0005829,GO:0030659,GO:0070062	GO:0005634,GO:0005654,GO:0005737,GO:0005794
T100900008433	Mix	GO:0035371	GO:0005794
T96060006267	Mix		GO:0005794
T833330000983	Mix		GO:0005886
T100900008668	Mix	GO:0005615	GO:0005615
T96060014044	Mix	GO:0032593,GO:0048471,GO:0055037	GO:0005739
T833330002946	Mix		GO:0005618
T5592920002561	Mix	GO:0000776,GO:0005816	GO:0000776,GO:0005794
T5592920005756	Mix	GO:0005737	GO:0005737
T100900009519	Mix	GO:0005576	GO:0005886
T79550000006	Mix		GO:0005737
T833330001689	Mix	GO:0043590	GO:0005886,GO:0005618
T100900009226	Mix	GO:0001891,GO:0005902,GO:0030027,GO:0030175,GO:0031256	GO:0005886
T101160005271	Mix		GO:0005622
T100900003230	Mix		GO:0005794
T833330000796	Mix	GO:0005829	GO:0005794
T101160000150	Mix	GO:0005892	GO:0005794
T96060018031	Mix	GO:0005737	GO:0005737
T100900002954	Mix		GO:0005576,GO:0005788
T96060001634	Mix	GO:0070062	GO:0005794,GO:0005829
T96060001266	Mix	GO:0016020	GO:0005794,GO:0005802
T100900013432	Mix	GO:0005634	GO:0005739,GO:0005777
T96060014710	Mix	GO:0005634	GO:0005739
T833330004091	Mix		GO:0016020,GO:0005794
T96060002141	Mix	GO:0005794	GO:0005794,GO:0005886
T96060011009	Mix		GO:0005730,GO:0005739,GO:0005794,GO:0005829,GO:0005886,GO:0005938
T72270002512	Mix	GO:0012505	GO:0005578
T79550000891	Mix		GO:0005634,GO:0005730,GO:0005794
T96060004292	Mix	GO:0005615	GO:0005604,GO:0005615,GO:0048471,GO:0043292,GO:0043025,GO:0043005,GO:0042995,GO:0033267,GO:0031982,GO:0031965,GO:0030672,GO:0016020,GO:0008021
T101160003308	Mix	GO:0005615,GO:0005737	GO:0005615
T100900000284	Mix	GO:0015629,GO:0030485	GO:0005794
T833330002147	Mix	GO:0016020	GO:0005886
T83550000308	Mix		GO:0005794,GO:0005886
T96060011218	Mix		GO:0005634,GO:0005794
T96060014347	Mix	GO:0016020	GO:0005640,GO:0005789,GO:0005794
T96060006950	Mix	GO:0000139	GO:0005634,GO:0005743
T37020008120	Mix	GO:0005634,GO:0005829	GO:0005634
T2848120000833	Mix	GO:0005794	GO:0005794
T100900004122	Mix		GO:0005737
T96060015767	Mix	GO:0070062	GO:0005634,GO:0005654,GO:0005730,GO:0005737,GO:0005794
T100900001080	Mix	GO:0032420	GO:0016020,GO:0005794
T2089640000481	Mix		GO:0016020
T100900001078	Mix		GO:0005886,GO:0005783
T96060007701	Mix	GO:0005634,GO:0070062	GO:0005794
T37020008606	Mix		GO:0005886
T96060007242	Mix		GO:0005667
T100900011319	Mix		GO:0005794
T96060018280	Mix	GO:0070062	GO:0005739,GO:0005777
T2089640000070	Mix		GO:0005886
T2848120003367	Mix	GO:0005794,GO:0032153,GO:0051286	GO:0005794,GO:0005886,GO:0008021
T100900011092	Mix	GO:0005886,GO:0012506,GO:0016021,GO:0030175	GO:0005886,GO:0005794,GO:0008021
T96060010868	Mix	GO:0016020,GO:0016460,GO:0042641,GO:0070062	GO:0001725,GO:0005737,GO:0005794,GO:0005886,GO:0008021
T96060013385	Mix	GO:0070062,GO:0072562	GO:0005886,GO:0016020
T96060007033	Mix	GO:0070062	GO:0005794,GO:0005886
T96060007474	Mix	GO:0070062	GO:0005739
T96060004266	Mix	GO:0005925,GO:0031209,GO:0070062	GO:0043005,GO:0005794,GO:0005845,GO:0005886
T96060006256	Mix	GO:0016020,GO:0070062	GO:0005886,GO:0005794,GO:0005829
T96060006876	Mix	GO:0070062	GO:0005794
T100900005957	Mix	GO:0005615	GO:0005615
T2089640000072	Mix		GO:0016020
T96060006864	Mix	GO:0070062	GO:0005739
T96060017049	Mix	GO:0031527	GO:0005634,GO:0005737
T96060003711	Mix	GO:0016020	GO:0005739
T96060013659	Mix	GO:0005654,GO:0005682,GO:0016020,GO:0071013	GO:0005654,GO:0005682,GO:0005794
T2848120003386	Mix	GO:0005829	GO:0005794
T100900002192	Mix	GO:0005764,GO:0005770	GO:0005764,GO:0005770
T96060003009	Mix	GO:0000815,GO:0005634,GO:0005829,GO:0009898,GO:0030496,GO:0070062	GO:0005794,GO:0005829
T96060013002	Mix		GO:0005794
T83550002759	Mix		GO:0000775,GO:0000785,GO:0005634,GO:0005654,GO:0005694,GO:0005794,GO:0005829
T5592920005707	Mix	GO:0031304	GO:0005739
T96060008090	Mix	GO:0070062,GO:0071748,GO:0071752,GO:0072562	GO:0005576
T100900011417	Mix		GO:0005634
T100900002791	Mix	GO:0005829	GO:0005634
T37020008460	Mix	GO:0009535,GO:0010287	GO:0005618
T96060007692	Mix	GO:0005737,GO:0005886	GO:0005794,GO:0005829,GO:0005886
T100900010969	Mix		GO:0005794,GO:0005886
T100900014866	Mix	GO:0032426	GO:0005794
T96060006734	Mix	GO:0005667,GO:0016363	GO:0005634,GO:0005667,GO:0005794
T96060001257	Mix	GO:0005783,GO:0005886	GO:0005886,GO:0005783
T96060003778	Mix	GO:0070062	GO:0043005,GO:0005794
T96060005038	Mix	GO:0005634	GO:0005634,GO:0005730,GO:0005794
T96060000888	Mix	GO:0005765,GO:0005925,GO:0031902,GO:0070062	GO:0005794
T96060012763	Mix	GO:0070062	GO:0005634
T833330002996	Mix		GO:0005739
T2089640000376	Mix		GO:0005794
T5592920001135	Mix	GO:0005654,GO:0005737,GO:0033588	GO:0005634,GO:0005737,GO:0005794
T100900003813	Mix	GO:0005739	GO:0005739
T100900013004	Mix	GO:0005886,GO:0045202	GO:0005886
T96060016638	Mix		GO:0005737,GO:0005794
T96060014832	Mix	GO:0070062	GO:0001750,GO:0005794,GO:0005886
T100900002646	Mix		GO:0005886
T37020000549	Mix	GO:0005634	GO:0005634
T100900010617	Mix		GO:0005737
T96060006685	Mix	GO:0008074	GO:0005794
T96060019055	Mix	GO:0000139,GO:0033116	GO:0005737
T37020004903	Mix		GO:0005615
T72270002107	Mix	GO:0005814	GO:0005794
T96060010336	Mix	GO:0016020	GO:0005783
T96060001887	Mix	GO:0005814,GO:0034451	GO:0005794
T100900006267	Mix		GO:0005634,GO:0005737
T5592920006026	Mix	GO:0005829,GO:0033100	GO:0005634,GO:0005794
T96060017000	Mix	GO:0005654,GO:0005815	GO:0005730
T100900015249	Mix	GO:0005737	GO:0005737
T37020003124	Mix	GO:0005634	GO:0005634,GO:0005730,GO:0005794
T833330000348	Mix	GO:0005829,GO:0005886	GO:0005739
T5592920004799	Mix	GO:0005768	GO:0005737,GO:0005768
T96060008906	Mix	GO:0070062	GO:0005794
T100900009237	Mix	GO:0005615,GO:0005783,GO:0005794,GO:0033268	GO:0005615
T96060006232	Mix	GO:0005634,GO:0005737,GO:0005815	GO:0005634,GO:0005730,GO:0005737,GO:0005794
T96060008082	Mix	GO:0005615,GO:0005634,GO:0005739,GO:0005777,GO:0005829,GO:0005886,GO:0009986,GO:0031093,GO:0070062	GO:0005886,GO:0005576,GO:0005794
T100900005175	Mix	GO:0005737,GO:0005953	GO:0005737,GO:0005794
T96060005021	Mix	GO:0005930	GO:0005794
T96060010617	Mix	GO:0005737,GO:0005925,GO:0015629	GO:0005737,GO:0005739
T100900015342	Mix	GO:0005886,GO:0043209	GO:0005794,GO:0005886
T100900005043	Mix		GO:0005634
T100900006066	Mix	GO:0005634	GO:0000790
T100900003215	Mix	GO:0005623	GO:0005794
T96060002969	Mix	GO:0005758	GO:0005739
T96060017254	Mix		GO:0016020
T83550000169	Mix	GO:0005890	GO:0005794
T96060007355	Mix	GO:0005634,GO:0070062	GO:0000786,GO:0005634,GO:0005694,GO:0005700,GO:0005704,GO:0005794
T96060019876	Mix		GO:0005634
T5592920003511	Mix	GO:0031314	GO:0005739,GO:0005794
T96060005079	Mix	GO:0005737,GO:0008023	GO:0005634,GO:0005730
T96060006237	Mix	GO:0005765,GO:0005768,GO:0005901,GO:0005925,GO:0008180,GO:0016021,GO:0034451,GO:0070062	GO:0005768,GO:0005794,GO:0005815,GO:0005886,GO:0005901,GO:0008021,GO:0008180
T446890001024	Mix	GO:0015629,GO:0031143	GO:0005794,GO:0005826,GO:0005886
T96060018927	Mix	GO:0005615,GO:0070062	GO:0005576,GO:0005604,GO:0005614,GO:0005794
T101160000148	Mix	GO:0005892	GO:0005886,GO:0005794
T72270003009	Mix	GO:0012505	GO:0005634,GO:0005730,GO:0005737,GO:0005783
T96060006229	Mix	GO:0016607,GO:0031965	GO:0005634,GO:0005730,GO:0005794
T2848120000511	Mix	GO:0005739	GO:0005739
T96060005660	Mix	GO:0005634,GO:0005739,GO:0070062	GO:0005739
T100900004586	Mix		GO:0005634,GO:0005737
T96060011484	Mix	GO:0070062	GO:0005886,GO:0005737,GO:0005739
T96060015291	Mix	GO:0070062	GO:0005794
T833330000992	Mix	GO:0005886	GO:0005794
T96060017103	Mix	GO:0005829	GO:0005794
T833330001560	Mix	GO:0005887	GO:0005886,GO:0005618
T100900005894	Mix	GO:0005634	GO:0001772,GO:0005634
T96060011674	Mix	GO:0016020,GO:0070062	GO:0005739
T96060015692	Mix	GO:0000785,GO:0016363,GO:0042382	GO:0005654,GO:0005794,GO:0005886
T96060019565	Mix	GO:0005783,GO:0005794	GO:0005789
T100900008720	Mix		GO:0000139
T96060006121	Mix	GO:0070062,GO:0072562	GO:0005615,GO:0005794,GO:0005886
T96060017263	Mix	GO:0070062	GO:0005604
T100900007947	Mix	GO:0001674	GO:0005634
T96060007367	Mix	GO:0000228,GO:0000786,GO:0005654,GO:0016020,GO:0043234,GO:0070062	GO:0005794
T96060003780	Mix	GO:0005794,GO:0005829,GO:0005886,GO:0005925,GO:0030864,GO:0031143,GO:0045121,GO:0070062,GO:0097038	GO:0005886,GO:0005737
T96060019491	Mix	GO:0005634	GO:0005634,GO:0005730
T101160004911	Mix	GO:0005783,GO:0005886,GO:0045177,GO:0045178	GO:0005794
T96060018903	Mix	GO:0005634	GO:0005634
T96060008684	Mix	GO:0005634,GO:0005739	GO:0005739,GO:0005743
T2089640000268	Mix		GO:0005794
T833330002549	Mix	GO:0019867	GO:0005794
T96060010469	Mix		GO:0005634,GO:0005737
T96060003333	Mix	GO:0005875	GO:0005794
T96060009539	Mix	GO:0016020	GO:0000148,GO:0005628,GO:0005794
T96060016986	Mix	GO:0005634,GO:0005739	GO:0005739
T100900012873	Mix	GO:0005783	GO:0005794
T96060001397	Mix	GO:0005615,GO:0031012,GO:0070062	GO:0005576,GO:0005794
T96060013864	Mix	GO:0005634	GO:0005739
T96060010842	Mix	GO:0001726,GO:0005886,GO:0005911,GO:0030864,GO:0045121,GO:0070062	GO:0000329,GO:0005794
T96060007396	Mix	GO:0070062	GO:0005794
T100900012857	Mix		GO:0005789,GO:0005794,GO:0005829
T96060011352	Mix	GO:0005829,GO:0005886	GO:0005886,GO:0005794
T100900005176	Mix	GO:0005737,GO:0005953	GO:0005794
T96060006575	Mix	GO:0005730	GO:0005634,GO:0005730,GO:0005794
T96060003346	Mix	GO:0016020,GO:0070062	GO:0005886
T96060009961	Mix	GO:0005737	GO:0000506,GO:0005789
T96060013913	Mix		GO:0005634
T96060016613	Mix	GO:0005634,GO:0005737	GO:0005615
T2848120002757	Mix	GO:0005686	GO:0005686
T100900010381	Mix		GO:0005576
T100900002604	Mix		GO:0005794,GO:0005886
T100900004010	Mix		GO:0016020
T833330002101	Mix	GO:0019897	GO:0005794,GO:0005829
T100900013156	Mix	GO:0005911	GO:0005886,GO:0005794
T72270001954	Mix		GO:0005794
T96060016801	Mix	GO:0008021	GO:0030672,GO:0000795,GO:0005794,GO:0005886,GO:0008021
T833330001227	Mix	GO:0005737	GO:0005739
T100900014728	Mix		GO:0005737
T2848120002182	Mix	GO:0005634,GO:0005829,GO:0032153	GO:0005634,GO:0005794,GO:0005829
T96060005748	Mix	GO:0005634	GO:0005730
T2848120002011	Mix	GO:0005783	GO:0005622
T100900010833	Mix	GO:0005730	GO:0005886,GO:0005634,GO:0005730
T37020005444	Mix	GO:0005634	GO:0000805,GO:0000806,GO:0001741,GO:0005634,GO:0005737,GO:0005794
T100900013414	Mix	GO:0016514,GO:0071564,GO:0071565	GO:0005794,GO:0005886
T100900001528	Mix		GO:0005634,GO:0005737
T96060006028	Mix		GO:0005634
T96060008590	Mix	GO:0070062	GO:0005622,GO:0005794,GO:0005886
T96060015106	Mix	GO:0045121,GO:0070062	GO:0005783
T96060007209	Mix	GO:0016020	GO:0016020,GO:0005737
T5592920005517	Mix	GO:0005628	GO:0005634,GO:0005739
T100900010394	Mix	GO:0005829	GO:0005794,GO:0005886,GO:0005576,GO:0005887,GO:0005901,GO:0008021
T96060007303	Mix	GO:0005886,GO:0070062	GO:0005886
T96060003689	Mix	GO:0005634	GO:0005604,GO:0005614,GO:0005794
T96060016945	Mix	GO:0005886,GO:0016021	GO:0005886
T96060013380	Mix	GO:0000783,GO:0005654,GO:0005737	GO:0000781,GO:0000783,GO:0005654
T96060004460	Mix	GO:0070062	GO:0005737
T96060014921	Mix	GO:0005730	GO:0005634,GO:0005730,GO:0005737,GO:0005794,GO:0005840
T96060010989	Mix	GO:0070062	GO:0005794,GO:0005576,GO:0005737,GO:0005764,GO:0005886
T100900010982	Mix		GO:0005886,GO:0005794
T37020007717	Mix		GO:0005794
T96060012088	Mix	GO:0005886,GO:0032154,GO:0055037,GO:0090543,GO:0097431,GO:1990023	GO:0005886
T101160004977	Mix		GO:0005634,GO:0005730,GO:0005737
T2089640000711	Mix		GO:0005886
T96060007363	Mix	GO:0000790,GO:0001740,GO:0035098,GO:0070062	GO:0001740,GO:0005634
T100900014865	Mix	GO:0009897,GO:0032426	GO:0005794,GO:0005886
T833330000098	Mix	GO:0030288	GO:0005794
T96060003902	Mix	GO:0070062	GO:0005794
T96060019467	Mix	GO:0005615,GO:0005634,GO:0070062	GO:0005615
T833330000347	Mix	GO:0005829,GO:0005886	GO:0005576
T833330001809	Mix		GO:0005618
T96060018575	Mix	GO:0005634,GO:0005737,GO:0005813,GO:0016020	GO:0005737,GO:0005794,GO:0005886
T96060007190	Mix	GO:0070062	GO:0005794
T96060009391	Mix	GO:0005634,GO:0070062	GO:0005737,GO:0005794
T37020000072	Mix	GO:0005829	GO:0005634,GO:0005737,GO:0005794
T96060009489	Mix	GO:0005737,GO:0005911,GO:0070062,GO:0097025	GO:0005794
T96060014997	Mix	GO:0005739	GO:0005739
T96060000634	Mix	GO:0016020	GO:0005634,GO:0005730
T96060005920	Mix	GO:0005634,GO:0005737	GO:0005622
T96060007375	Mix	GO:0005654,GO:0070062	GO:0000790
T96060003880	Mix	GO:0000776	GO:0005794
T96060000774	Mix	GO:0005765,GO:0005769,GO:0030904,GO:0044354,GO:0070062	GO:0005794
T100900004344	Mix	GO:0005634	GO:0005634
T833330001685	Mix	GO:0005856	GO:0005794
T100900005541	Mix	GO:0005884,GO:0030027	GO:0005794
T96060005068	Mix	GO:0005634,GO:0005737,GO:0005886	GO:0005794,GO:0005886
T96060017964	Mix	GO:0070062	GO:0005794
T96060002760	Mix	GO:0005886,GO:0016021,GO:0070062	GO:0005886,GO:0016020,GO:0005794
T100900011918	Mix	GO:0005622	GO:0005794
T96060000351	Mix	GO:0005634,GO:0070062	GO:0005739
T83550001231	Mix	GO:0005654,GO:0005719,GO:0005720,GO:0070062	GO:0005576
T100900001718	Mix		GO:0005886
T79550001907	Mix		GO:0005634,GO:0005737,GO:0005794
T96060017003	Mix	GO:0005669,GO:0033276	GO:0005669,GO:0005794
T96060003320	Mix	GO:0009986	GO:0005794
T96060014605	Mix	GO:0022625	GO:0005794,GO:0005829
T96060011353	Mix	GO:0005634,GO:0070062	GO:0005739
T100900016367	Mix	GO:0000502	GO:0005634,GO:0005730,GO:0005737
T96060018256	Mix		GO:0005634,GO:0005737,GO:0005794
T96060017587	Mix	GO:0005765,GO:0005770,GO:0048471,GO:0070062	GO:0005783
T72270002683	Mix	GO:0005739	GO:0005886,GO:0005737,GO:0005739,GO:0005759
T833330000626	Mix	GO:0005887	GO:0005794
T100900010249	Mix	GO:0005622	GO:0005737,GO:0005794
T2089640000338	Mix		GO:0005777
T96060013121	Mix	GO:0005829,GO:0005886,GO:0042629	GO:0005886,GO:0005794
T96060017140	Mix	GO:0005634	GO:0005634
T96060012872	Mix	GO:0070062	GO:0005768
T833330001230	Mix	GO:0005737	GO:0005794
T96060013633	Mix	GO:0070062	GO:0005794
T5592920003133	Mix	GO:0000932	GO:0005737
T100900004539	Mix	GO:0005623,GO:0016020	GO:0005783
T96060001235	Mix		GO:0005794,GO:0005829,GO:0005886,GO:0008021,GO:0009898
T37020009512	Mix	GO:0005618,GO:0005774,GO:0005886,GO:0009506,GO:0009507,GO:0022627	GO:0005576
T96060007527	Mix	GO:0005634,GO:0005737,GO:0016020	GO:0005634,GO:0005737
T83550001226	Mix	GO:0005654	GO:0000786,GO:0005634,GO:0005694,GO:0005700,GO:0005704,GO:0005794
T96060013667	Mix	GO:0005634,GO:0005737,GO:0016020	GO:0016020,GO:0001726,GO:0005794,GO:0005884,GO:0005886,GO:0005938,GO:0008021,GO:0030424,GO:0030425,GO:0030672
T96060016354	Mix	GO:0005634	GO:0005634
T96060008652	Mix	GO:0005730,GO:0005737,GO:0005886	GO:0005886,GO:0005634,GO:0005730,GO:0005737
T100900015385	Mix	GO:0005929,GO:0030992	GO:0005794,GO:0005879,GO:0005886
T96060007154	Mix	GO:0005788	GO:0005794
T101160001221	Mix	GO:0005615,GO:0005634	GO:0005576
T96060003645	Mix	GO:0005654	GO:0005634,GO:0005654
T5592920002944	Mix	GO:0005737	GO:0005737
T100900008816	Mix	GO:0005776,GO:0005930,GO:0016020	GO:0005776
T100900010904	Mix	GO:0005829	GO:0005794
T96060018152	Mix	GO:0005887,GO:0070062	GO:0005794
